﻿<?xml version="1.0" encoding="utf-8"?>
<DeploymentInfo LightningDeployMode="false" ContinueOnItemDeployError="false" DeleteAction="Ignore">
  <DeployedItems RecursiveDeployAction="Ignore">
    <DeployedItem Id="13d6d6c6-c50b-4bbd-b331-2b04f1a58f21" Name="system" Parent="{11111111-1111-1111-1111-111111111111}" Database="master" ItemIneligible="false" KeepChildrenInSync="false" />
    <DeployedItem Id="08477468-d438-43d4-9d6a-6d84a611971c" Name="Modules" Parent="{13D6D6C6-C50B-4BBD-B331-2B04F1A58F21}" Database="master" ItemIneligible="false" KeepChildrenInSync="false" />
    <DeployedItem Id="50bf4019-aee4-46e1-a12e-b91047272f81" Name="SitecoreFundamentals" Parent="{08477468-D438-43D4-9D6A-6D84A611971C}" Database="master" ItemIneligible="false" KeepChildrenInSync="false" />
    <DeployedItem Id="54a01b32-ee80-42c1-84c7-0390dbfb64cf" Name="AutoDictionary" Parent="{50BF4019-AEE4-46E1-A12E-B91047272F81}" Database="master" ItemIneligible="false" KeepChildrenInSync="true" />
    <DeployedItem Id="9f358296-cdd3-496e-8b1f-adfc9fcad97a" Name="Auto Dictionary Settings" Parent="{54A01B32-EE80-42C1-84C7-0390DBFB64CF}" Database="master" ItemIneligible="false" KeepChildrenInSync="true" />
    <DeployedItem Id="3c1715fe-6a13-4fcf-845f-de308ba9741d" Name="templates" Parent="{11111111-1111-1111-1111-111111111111}" Database="master" ItemIneligible="false" KeepChildrenInSync="false" />
    <DeployedItem Id="e6904c9a-3ace-4b53-b465-4c05c6b1f1cc" Name="Modules" Parent="{3C1715FE-6A13-4FCF-845F-DE308BA9741D}" Database="master" ItemIneligible="false" KeepChildrenInSync="false" />
    <DeployedItem Id="d584d7e8-b9ec-4feb-803d-74d4c2e33e17" Name="SitecoreFundamentals" Parent="{E6904C9A-3ACE-4B53-B465-4C05C6B1F1CC}" Database="master" ItemIneligible="false" KeepChildrenInSync="false" />
    <DeployedItem Id="4ec96730-cdca-4176-96a6-f722dd7602e8" Name="AutoDictionary" Parent="{D584D7E8-B9EC-4FEB-803D-74D4C2E33E17}" Database="master" ItemIneligible="false" KeepChildrenInSync="true" />
    <DeployedItem Id="7a006290-8cad-4f84-bd2f-564f1d862fa9" Name="Auto Dictionary Settings" Parent="{4EC96730-CDCA-4176-96A6-F722DD7602E8}" Database="master" ItemIneligible="false" KeepChildrenInSync="true" />
    <DeployedItem Id="50fc5465-490b-44a5-88c3-dacc73c0b956" Name="__Standard Values" Parent="{7A006290-8CAD-4F84-BD2F-564F1D862FA9}" Database="master" ItemIneligible="false" KeepChildrenInSync="true" />
    <DeployedItem Id="aa4c1f76-fb01-4dbc-b80f-70b9626c3890" Name="Notifications" Parent="{7A006290-8CAD-4F84-BD2F-564F1D862FA9}" Database="master" ItemIneligible="false" KeepChildrenInSync="true" />
    <DeployedItem Id="6438399b-8bc1-4402-8747-1d3c9973bef3" Name="BeginningOfEmail" Parent="{AA4C1F76-FB01-4DBC-B80F-70B9626C3890}" Database="master" ItemIneligible="false" KeepChildrenInSync="true" />
    <DeployedItem Id="e68c59fa-270a-4d83-bfda-fadcfeb9c425" Name="EmailBcc" Parent="{AA4C1F76-FB01-4DBC-B80F-70B9626C3890}" Database="master" ItemIneligible="false" KeepChildrenInSync="true" />
    <DeployedItem Id="0afa674d-2b90-4234-91e0-08efa80faa09" Name="EmailFrom" Parent="{AA4C1F76-FB01-4DBC-B80F-70B9626C3890}" Database="master" ItemIneligible="false" KeepChildrenInSync="true" />
    <DeployedItem Id="c6f2b6fb-5a3f-4680-a2bd-bce37fa5cf80" Name="EmailTo" Parent="{AA4C1F76-FB01-4DBC-B80F-70B9626C3890}" Database="master" ItemIneligible="false" KeepChildrenInSync="true" />
    <DeployedItem Id="9bfc5700-b1ce-4d34-8084-4960b476c9b1" Name="EndOfEmail" Parent="{AA4C1F76-FB01-4DBC-B80F-70B9626C3890}" Database="master" ItemIneligible="false" KeepChildrenInSync="true" />
    <DeployedItem Id="bc4b03f7-671d-4cef-98e1-ea50bc08b663" Name="SendEmailNotifications" Parent="{AA4C1F76-FB01-4DBC-B80F-70B9626C3890}" Database="master" ItemIneligible="false" KeepChildrenInSync="true" />
    <DeployedItem Id="f8b1054c-ce13-41e1-9269-17a0365dfff8" Name="Subject" Parent="{AA4C1F76-FB01-4DBC-B80F-70B9626C3890}" Database="master" ItemIneligible="false" KeepChildrenInSync="true" />
  </DeployedItems>
  <ItemFile Id="13d6d6c6-c50b-4bbd-b331-2b04f1a58f21" ItemDeployment="NeverDeploy" ChildItemSynchronization="NoChildSynchronization" ParentId="{11111111-1111-1111-1111-111111111111}" ItemPath="/sitecore/system" SitecoreDatabase="master" />
  <ItemFile Id="08477468-d438-43d4-9d6a-6d84a611971c" ItemDeployment="DeployOnce" ChildItemSynchronization="NoChildSynchronization" ParentId="{13D6D6C6-C50B-4BBD-B331-2B04F1A58F21}" ItemPath="/sitecore/system/Modules" SitecoreDatabase="master" />
  <ItemFile Id="50bf4019-aee4-46e1-a12e-b91047272f81" ItemDeployment="DeployOnce" ChildItemSynchronization="NoChildSynchronization" ParentId="{08477468-D438-43D4-9D6A-6D84A611971C}" ItemPath="/sitecore/system/Modules/SitecoreFundamentals" SitecoreDatabase="master" />
  <ItemFile Id="54a01b32-ee80-42c1-84c7-0390dbfb64cf" ItemDeployment="DeployOnce" ChildItemSynchronization="KeepAllChildrenSynchronized" ParentId="{50BF4019-AEE4-46E1-A12E-B91047272F81}" ItemPath="/sitecore/system/Modules/SitecoreFundamentals/AutoDictionary" SitecoreDatabase="master" />
  <ItemFile Id="9f358296-cdd3-496e-8b1f-adfc9fcad97a" ItemDeployment="DeployOnce" ChildItemSynchronization="KeepAllChildrenSynchronized" ParentId="{54A01B32-EE80-42C1-84C7-0390DBFB64CF}" ItemPath="/sitecore/system/Modules/SitecoreFundamentals/AutoDictionary/Auto Dictionary Settings" SitecoreDatabase="master" />
  <ItemFile Id="3c1715fe-6a13-4fcf-845f-de308ba9741d" ItemDeployment="NeverDeploy" ChildItemSynchronization="NoChildSynchronization" ParentId="{11111111-1111-1111-1111-111111111111}" ItemPath="/sitecore/templates" SitecoreDatabase="master" />
  <ItemFile Id="e6904c9a-3ace-4b53-b465-4c05c6b1f1cc" ItemDeployment="DeployOnce" ChildItemSynchronization="NoChildSynchronization" ParentId="{3C1715FE-6A13-4FCF-845F-DE308BA9741D}" ItemPath="/sitecore/templates/Modules" SitecoreDatabase="master" />
  <ItemFile Id="d584d7e8-b9ec-4feb-803d-74d4c2e33e17" ItemDeployment="DeployOnce" ChildItemSynchronization="NoChildSynchronization" ParentId="{E6904C9A-3ACE-4B53-B465-4C05C6B1F1CC}" ItemPath="/sitecore/templates/Modules/SitecoreFundamentals" SitecoreDatabase="master" />
  <ItemFile Id="4ec96730-cdca-4176-96a6-f722dd7602e8" ItemDeployment="DeployOnce" ChildItemSynchronization="KeepAllChildrenSynchronized" ParentId="{D584D7E8-B9EC-4FEB-803D-74D4C2E33E17}" ItemPath="/sitecore/templates/Modules/SitecoreFundamentals/AutoDictionary" SitecoreDatabase="master" />
  <ItemFile Id="7a006290-8cad-4f84-bd2f-564f1d862fa9" ItemDeployment="DeployOnce" ChildItemSynchronization="KeepAllChildrenSynchronized" ParentId="{4EC96730-CDCA-4176-96A6-F722DD7602E8}" ItemPath="/sitecore/templates/Modules/SitecoreFundamentals/AutoDictionary/Auto Dictionary Settings" SitecoreDatabase="master" />
  <ItemFile Id="50fc5465-490b-44a5-88c3-dacc73c0b956" ItemDeployment="DeployOnce" ChildItemSynchronization="KeepAllChildrenSynchronized" ParentId="{7A006290-8CAD-4F84-BD2F-564F1D862FA9}" ItemPath="/sitecore/templates/Modules/SitecoreFundamentals/AutoDictionary/Auto Dictionary Settings/__Standard Values" SitecoreDatabase="master" />
  <ItemFile Id="aa4c1f76-fb01-4dbc-b80f-70b9626c3890" ItemDeployment="DeployOnce" ChildItemSynchronization="KeepAllChildrenSynchronized" ParentId="{7A006290-8CAD-4F84-BD2F-564F1D862FA9}" ItemPath="/sitecore/templates/Modules/SitecoreFundamentals/AutoDictionary/Auto Dictionary Settings/Notifications" SitecoreDatabase="master" />
  <ItemFile Id="6438399b-8bc1-4402-8747-1d3c9973bef3" ItemDeployment="DeployOnce" ChildItemSynchronization="KeepAllChildrenSynchronized" ParentId="{AA4C1F76-FB01-4DBC-B80F-70B9626C3890}" ItemPath="/sitecore/templates/Modules/SitecoreFundamentals/AutoDictionary/Auto Dictionary Settings/Notifications/BeginningOfEmail" SitecoreDatabase="master" />
  <ItemFile Id="e68c59fa-270a-4d83-bfda-fadcfeb9c425" ItemDeployment="DeployOnce" ChildItemSynchronization="KeepAllChildrenSynchronized" ParentId="{AA4C1F76-FB01-4DBC-B80F-70B9626C3890}" ItemPath="/sitecore/templates/Modules/SitecoreFundamentals/AutoDictionary/Auto Dictionary Settings/Notifications/EmailBcc" SitecoreDatabase="master" />
  <ItemFile Id="0afa674d-2b90-4234-91e0-08efa80faa09" ItemDeployment="DeployOnce" ChildItemSynchronization="KeepAllChildrenSynchronized" ParentId="{AA4C1F76-FB01-4DBC-B80F-70B9626C3890}" ItemPath="/sitecore/templates/Modules/SitecoreFundamentals/AutoDictionary/Auto Dictionary Settings/Notifications/EmailFrom" SitecoreDatabase="master" />
  <ItemFile Id="c6f2b6fb-5a3f-4680-a2bd-bce37fa5cf80" ItemDeployment="DeployOnce" ChildItemSynchronization="KeepAllChildrenSynchronized" ParentId="{AA4C1F76-FB01-4DBC-B80F-70B9626C3890}" ItemPath="/sitecore/templates/Modules/SitecoreFundamentals/AutoDictionary/Auto Dictionary Settings/Notifications/EmailTo" SitecoreDatabase="master" />
  <ItemFile Id="9bfc5700-b1ce-4d34-8084-4960b476c9b1" ItemDeployment="DeployOnce" ChildItemSynchronization="KeepAllChildrenSynchronized" ParentId="{AA4C1F76-FB01-4DBC-B80F-70B9626C3890}" ItemPath="/sitecore/templates/Modules/SitecoreFundamentals/AutoDictionary/Auto Dictionary Settings/Notifications/EndOfEmail" SitecoreDatabase="master" />
  <ItemFile Id="bc4b03f7-671d-4cef-98e1-ea50bc08b663" ItemDeployment="DeployOnce" ChildItemSynchronization="KeepAllChildrenSynchronized" ParentId="{AA4C1F76-FB01-4DBC-B80F-70B9626C3890}" ItemPath="/sitecore/templates/Modules/SitecoreFundamentals/AutoDictionary/Auto Dictionary Settings/Notifications/SendEmailNotifications" SitecoreDatabase="master" />
  <ItemFile Id="f8b1054c-ce13-41e1-9269-17a0365dfff8" ItemDeployment="DeployOnce" ChildItemSynchronization="KeepAllChildrenSynchronized" ParentId="{AA4C1F76-FB01-4DBC-B80F-70B9626C3890}" ItemPath="/sitecore/templates/Modules/SitecoreFundamentals/AutoDictionary/Auto Dictionary Settings/Notifications/Subject" SitecoreDatabase="master" />
</DeploymentInfo>